<?xml version="1.0" encoding="UTF-8"?>
<CodeList xmlns="urn:fdc:peppol.org:2020:pdk:v1:CodeList">
   <ID>ISO3166</ID>
   <Name>ISO 3166-1:Alpha2 Country codes</Name>
   <Version>2013</Version>
   <Code>
      <ID>AD</ID>
      <Name>Andorra</Name>
   </Code>
   <Code>
      <ID>AE</ID>
      <Name>United Arab Emirates</Name>
   </Code>
   <Code>
      <ID>AF</ID>
      <Name>Afghanistan</Name>
   </Code>
   <Code>
      <ID>AG</ID>
      <Name>Antigua and Barbuda</Name>
   </Code>
   <Code>
      <ID>AI</ID>
      <Name>Anguilla</Name>
   </Code>
   <Code>
      <ID>AL</ID>
      <Name>Albania</Name>
   </Code>
   <Code>
      <ID>AM</ID>
      <Name>Armenia</Name>
   </Code>
   <Code>
      <ID>AO</ID>
      <Name>Angola</Name>
   </Code>
   <Code>
      <ID>AQ</ID>
      <Name>Antarctica</Name>
   </Code>
   <Code>
      <ID>AR</ID>
      <Name>Argentina</Name>
   </Code>
   <Code>
      <ID>AS</ID>
      <Name>American Samoa</Name>
   </Code>
   <Code>
      <ID>AT</ID>
      <Name>Austria</Name>
   </Code>
   <Code>
      <ID>AU</ID>
      <Name>Australia</Name>
   </Code>
   <Code>
      <ID>AW</ID>
      <Name>Aruba</Name>
   </Code>
   <Code>
      <ID>AX</ID>
      <Name>Åland Islands</Name>
   </Code>
   <Code>
      <ID>AZ</ID>
      <Name>Azerbaijan</Name>
   </Code>
   <Code>
      <ID>BA</ID>
      <Name>Bosnia and Herzegovina</Name>
   </Code>
   <Code>
      <ID>BB</ID>
      <Name>Barbados</Name>
   </Code>
   <Code>
      <ID>BD</ID>
      <Name>Bangladesh</Name>
   </Code>
   <Code>
      <ID>BE</ID>
      <Name>Belgium</Name>
   </Code>
   <Code>
      <ID>BF</ID>
      <Name>Burkina Faso</Name>
   </Code>
   <Code>
      <ID>BG</ID>
      <Name>Bulgaria</Name>
   </Code>
   <Code>
      <ID>BH</ID>
      <Name>Bahrain</Name>
   </Code>
   <Code>
      <ID>BI</ID>
      <Name>Burundi</Name>
   </Code>
   <Code>
      <ID>BJ</ID>
      <Name>Benin</Name>
   </Code>
   <Code>
      <ID>BL</ID>
      <Name>Saint Barthélemy</Name>
   </Code>
   <Code>
      <ID>BM</ID>
      <Name>Bermuda</Name>
   </Code>
   <Code>
      <ID>BN</ID>
      <Name>Brunei Darussalam</Name>
   </Code>
   <Code>
      <ID>BO</ID>
      <Name>Bolivia, Plurinational State of</Name>
   </Code>
   <Code>
      <ID>BQ</ID>
      <Name>Bonaire, Sint Eustatius and Saba</Name>
   </Code>
   <Code>
      <ID>BR</ID>
      <Name>Brazil</Name>
   </Code>
   <Code>
      <ID>BS</ID>
      <Name>Bahamas</Name>
   </Code>
   <Code>
      <ID>BT</ID>
      <Name>Bhutan</Name>
   </Code>
   <Code>
      <ID>BV</ID>
      <Name>Bouvet Island</Name>
   </Code>
   <Code>
      <ID>BW</ID>
      <Name>Botswana</Name>
   </Code>
   <Code>
      <ID>BY</ID>
      <Name>Belarus</Name>
   </Code>
   <Code>
      <ID>BZ</ID>
      <Name>Belize</Name>
   </Code>
   <Code>
      <ID>CA</ID>
      <Name>Canada</Name>
   </Code>
   <Code>
      <ID>CC</ID>
      <Name>Cocos (Keeling) Islands</Name>
   </Code>
   <Code>
      <ID>CD</ID>
      <Name>Congo, the Democratic Republic of the</Name>
   </Code>
   <Code>
      <ID>CF</ID>
      <Name>Central African Republic</Name>
   </Code>
   <Code>
      <ID>CG</ID>
      <Name>Congo</Name>
   </Code>
   <Code>
      <ID>CH</ID>
      <Name>Switzerland</Name>
   </Code>
   <Code>
      <ID>CI</ID>
      <Name>Côte d'Ivoire</Name>
   </Code>
   <Code>
      <ID>CK</ID>
      <Name>Cook Islands</Name>
   </Code>
   <Code>
      <ID>CL</ID>
      <Name>Chile</Name>
   </Code>
   <Code>
      <ID>CM</ID>
      <Name>Cameroon</Name>
   </Code>
   <Code>
      <ID>CN</ID>
      <Name>China</Name>
   </Code>
   <Code>
      <ID>CO</ID>
      <Name>Colombia</Name>
   </Code>
   <Code>
      <ID>CR</ID>
      <Name>Costa Rica</Name>
   </Code>
   <Code>
      <ID>CU</ID>
      <Name>Cuba</Name>
   </Code>
   <Code>
      <ID>CV</ID>
      <Name>Cabo Verde</Name>
   </Code>
   <Code>
      <ID>CW</ID>
      <Name>Curaçao</Name>
   </Code>
   <Code>
      <ID>CX</ID>
      <Name>Christmas Island</Name>
   </Code>
   <Code>
      <ID>CY</ID>
      <Name>Cyprus</Name>
   </Code>
   <Code>
      <ID>CZ</ID>
      <Name>Czechia</Name>
   </Code>
   <Code>
      <ID>DE</ID>
      <Name>Germany</Name>
   </Code>
   <Code>
      <ID>DJ</ID>
      <Name>Djibouti</Name>
   </Code>
   <Code>
      <ID>DK</ID>
      <Name>Denmark</Name>
   </Code>
   <Code>
      <ID>DM</ID>
      <Name>Dominica</Name>
   </Code>
   <Code>
      <ID>DO</ID>
      <Name>Dominican Republic</Name>
   </Code>
   <Code>
      <ID>DZ</ID>
      <Name>Algeria</Name>
   </Code>
   <Code>
      <ID>EC</ID>
      <Name>Ecuador</Name>
   </Code>
   <Code>
      <ID>EE</ID>
      <Name>Estonia</Name>
   </Code>
   <Code>
      <ID>EG</ID>
      <Name>Egypt</Name>
   </Code>
   <Code>
      <ID>EH</ID>
      <Name>Western Sahara</Name>
   </Code>
   <Code>
      <ID>ER</ID>
      <Name>Eritrea</Name>
   </Code>
   <Code>
      <ID>ES</ID>
      <Name>Spain</Name>
   </Code>
   <Code>
      <ID>ET</ID>
      <Name>Ethiopia</Name>
   </Code>
   <Code>
      <ID>FI</ID>
      <Name>Finland</Name>
   </Code>
   <Code>
      <ID>FJ</ID>
      <Name>Fiji</Name>
   </Code>
   <Code>
      <ID>FK</ID>
      <Name>Falkland Islands (Malvinas)</Name>
   </Code>
   <Code>
      <ID>FM</ID>
      <Name>Micronesia, Federated States of</Name>
   </Code>
   <Code>
      <ID>FO</ID>
      <Name>Faroe Islands</Name>
   </Code>
   <Code>
      <ID>FR</ID>
      <Name>France</Name>
   </Code>
   <Code>
      <ID>GA</ID>
      <Name>Gabon</Name>
   </Code>
   <Code>
      <ID>GB</ID>
      <Name>United Kingdom of Great Britain and Northern Ireland</Name>
   </Code>
   <Code>
      <ID>GD</ID>
      <Name>Grenada</Name>
   </Code>
   <Code>
      <ID>GE</ID>
      <Name>Georgia</Name>
   </Code>
   <Code>
      <ID>GF</ID>
      <Name>French Guiana</Name>
   </Code>
   <Code>
      <ID>GG</ID>
      <Name>Guernsey</Name>
   </Code>
   <Code>
      <ID>GH</ID>
      <Name>Ghana</Name>
   </Code>
   <Code>
      <ID>GI</ID>
      <Name>Gibraltar</Name>
   </Code>
   <Code>
      <ID>GL</ID>
      <Name>Greenland</Name>
   </Code>
   <Code>
      <ID>GM</ID>
      <Name>Gambia</Name>
   </Code>
   <Code>
      <ID>GN</ID>
      <Name>Guinea</Name>
   </Code>
   <Code>
      <ID>GP</ID>
      <Name>Guadeloupe</Name>
   </Code>
   <Code>
      <ID>GQ</ID>
      <Name>Equatorial Guinea</Name>
   </Code>
   <Code>
      <ID>GR</ID>
      <Name>Greece</Name>
   </Code>
   <Code>
      <ID>GS</ID>
      <Name>South Georgia and the South Sandwich Islands</Name>
   </Code>
   <Code>
      <ID>GT</ID>
      <Name>Guatemala</Name>
   </Code>
   <Code>
      <ID>GU</ID>
      <Name>Guam</Name>
   </Code>
   <Code>
      <ID>GW</ID>
      <Name>Guinea-Bissau</Name>
   </Code>
   <Code>
      <ID>GY</ID>
      <Name>Guyana</Name>
   </Code>
   <Code>
      <ID>HK</ID>
      <Name>Hong Kong</Name>
   </Code>
   <Code>
      <ID>HM</ID>
      <Name>Heard Island and McDonald Islands</Name>
   </Code>
   <Code>
      <ID>HN</ID>
      <Name>Honduras</Name>
   </Code>
   <Code>
      <ID>HR</ID>
      <Name>Croatia</Name>
   </Code>
   <Code>
      <ID>HT</ID>
      <Name>Haiti</Name>
   </Code>
   <Code>
      <ID>HU</ID>
      <Name>Hungary</Name>
   </Code>
   <Code>
      <ID>ID</ID>
      <Name>Indonesia</Name>
   </Code>
   <Code>
      <ID>IE</ID>
      <Name>Ireland</Name>
   </Code>
   <Code>
      <ID>IL</ID>
      <Name>Israel</Name>
   </Code>
   <Code>
      <ID>IM</ID>
      <Name>Isle of Man</Name>
   </Code>
   <Code>
      <ID>IN</ID>
      <Name>India</Name>
   </Code>
   <Code>
      <ID>IO</ID>
      <Name>British Indian Ocean Territory</Name>
   </Code>
   <Code>
      <ID>IQ</ID>
      <Name>Iraq</Name>
   </Code>
   <Code>
      <ID>IR</ID>
      <Name>Iran, Islamic Republic of</Name>
   </Code>
   <Code>
      <ID>IS</ID>
      <Name>Iceland</Name>
   </Code>
   <Code>
      <ID>IT</ID>
      <Name>Italy</Name>
   </Code>
   <Code>
      <ID>JE</ID>
      <Name>Jersey</Name>
   </Code>
   <Code>
      <ID>JM</ID>
      <Name>Jamaica</Name>
   </Code>
   <Code>
      <ID>JO</ID>
      <Name>Jordan</Name>
   </Code>
   <Code>
      <ID>JP</ID>
      <Name>Japan</Name>
   </Code>
   <Code>
      <ID>KE</ID>
      <Name>Kenya</Name>
   </Code>
   <Code>
      <ID>KG</ID>
      <Name>Kyrgyzstan</Name>
   </Code>
   <Code>
      <ID>KH</ID>
      <Name>Cambodia</Name>
   </Code>
   <Code>
      <ID>KI</ID>
      <Name>Kiribati</Name>
   </Code>
   <Code>
      <ID>KM</ID>
      <Name>Comoros</Name>
   </Code>
   <Code>
      <ID>KN</ID>
      <Name>Saint Kitts and Nevis</Name>
   </Code>
   <Code>
      <ID>KP</ID>
      <Name>Korea, Democratic People's Republic of</Name>
   </Code>
   <Code>
      <ID>KR</ID>
      <Name>Korea, Republic of</Name>
   </Code>
   <Code>
      <ID>KW</ID>
      <Name>Kuwait</Name>
   </Code>
   <Code>
      <ID>KY</ID>
      <Name>Cayman Islands</Name>
   </Code>
   <Code>
      <ID>KZ</ID>
      <Name>Kazakhstan</Name>
   </Code>
   <Code>
      <ID>LA</ID>
      <Name>Lao People's Democratic Republic</Name>
   </Code>
   <Code>
      <ID>LB</ID>
      <Name>Lebanon</Name>
   </Code>
   <Code>
      <ID>LC</ID>
      <Name>Saint Lucia</Name>
   </Code>
   <Code>
      <ID>LI</ID>
      <Name>Liechtenstein</Name>
   </Code>
   <Code>
      <ID>LK</ID>
      <Name>Sri Lanka</Name>
   </Code>
   <Code>
      <ID>LR</ID>
      <Name>Liberia</Name>
   </Code>
   <Code>
      <ID>LS</ID>
      <Name>Lesotho</Name>
   </Code>
   <Code>
      <ID>LT</ID>
      <Name>Lithuania</Name>
   </Code>
   <Code>
      <ID>LU</ID>
      <Name>Luxembourg</Name>
   </Code>
   <Code>
      <ID>LV</ID>
      <Name>Latvia</Name>
   </Code>
   <Code>
      <ID>LY</ID>
      <Name>Libya</Name>
   </Code>
   <Code>
      <ID>MA</ID>
      <Name>Morocco</Name>
   </Code>
   <Code>
      <ID>MC</ID>
      <Name>Monaco</Name>
   </Code>
   <Code>
      <ID>MD</ID>
      <Name>Moldova, Republic of</Name>
   </Code>
   <Code>
      <ID>ME</ID>
      <Name>Montenegro</Name>
   </Code>
   <Code>
      <ID>MF</ID>
      <Name>Saint Martin (French part)</Name>
   </Code>
   <Code>
      <ID>MG</ID>
      <Name>Madagascar</Name>
   </Code>
   <Code>
      <ID>MH</ID>
      <Name>Marshall Islands</Name>
   </Code>
   <Code>
      <ID>MK</ID>
      <Name>Macedonia, the former Yugoslav Republic of</Name>
   </Code>
   <Code>
      <ID>ML</ID>
      <Name>Mali</Name>
   </Code>
   <Code>
      <ID>MM</ID>
      <Name>Myanmar</Name>
   </Code>
   <Code>
      <ID>MN</ID>
      <Name>Mongolia</Name>
   </Code>
   <Code>
      <ID>MO</ID>
      <Name>Macao</Name>
   </Code>
   <Code>
      <ID>MP</ID>
      <Name>Northern Mariana Islands</Name>
   </Code>
   <Code>
      <ID>MQ</ID>
      <Name>Martinique</Name>
   </Code>
   <Code>
      <ID>MR</ID>
      <Name>Mauritania</Name>
   </Code>
   <Code>
      <ID>MS</ID>
      <Name>Montserrat</Name>
   </Code>
   <Code>
      <ID>MT</ID>
      <Name>Malta</Name>
   </Code>
   <Code>
      <ID>MU</ID>
      <Name>Mauritius</Name>
   </Code>
   <Code>
      <ID>MV</ID>
      <Name>Maldives</Name>
   </Code>
   <Code>
      <ID>MW</ID>
      <Name>Malawi</Name>
   </Code>
   <Code>
      <ID>MX</ID>
      <Name>Mexico</Name>
   </Code>
   <Code>
      <ID>MY</ID>
      <Name>Malaysia</Name>
   </Code>
   <Code>
      <ID>MZ</ID>
      <Name>Mozambique</Name>
   </Code>
   <Code>
      <ID>NA</ID>
      <Name>Namibia</Name>
   </Code>
   <Code>
      <ID>NC</ID>
      <Name>New Caledonia</Name>
   </Code>
   <Code>
      <ID>NE</ID>
      <Name>Niger</Name>
   </Code>
   <Code>
      <ID>NF</ID>
      <Name>Norfolk Island</Name>
   </Code>
   <Code>
      <ID>NG</ID>
      <Name>Nigeria</Name>
   </Code>
   <Code>
      <ID>NI</ID>
      <Name>Nicaragua</Name>
   </Code>
   <Code>
      <ID>NL</ID>
      <Name>Netherlands</Name>
   </Code>
   <Code>
      <ID>NO</ID>
      <Name>Norway</Name>
   </Code>
   <Code>
      <ID>NP</ID>
      <Name>Nepal</Name>
   </Code>
   <Code>
      <ID>NR</ID>
      <Name>Nauru</Name>
   </Code>
   <Code>
      <ID>NU</ID>
      <Name>Niue</Name>
   </Code>
   <Code>
      <ID>NZ</ID>
      <Name>New Zealand</Name>
   </Code>
   <Code>
      <ID>OM</ID>
      <Name>Oman</Name>
   </Code>
   <Code>
      <ID>PA</ID>
      <Name>Panama</Name>
   </Code>
   <Code>
      <ID>PE</ID>
      <Name>Peru</Name>
   </Code>
   <Code>
      <ID>PF</ID>
      <Name>French Polynesia</Name>
   </Code>
   <Code>
      <ID>PG</ID>
      <Name>Papua New Guinea</Name>
   </Code>
   <Code>
      <ID>PH</ID>
      <Name>Philippines</Name>
   </Code>
   <Code>
      <ID>PK</ID>
      <Name>Pakistan</Name>
   </Code>
   <Code>
      <ID>PL</ID>
      <Name>Poland</Name>
   </Code>
   <Code>
      <ID>PM</ID>
      <Name>Saint Pierre and Miquelon</Name>
   </Code>
   <Code>
      <ID>PN</ID>
      <Name>Pitcairn</Name>
   </Code>
   <Code>
      <ID>PR</ID>
      <Name>Puerto Rico</Name>
   </Code>
   <Code>
      <ID>PS</ID>
      <Name>Palestine, State of</Name>
   </Code>
   <Code>
      <ID>PT</ID>
      <Name>Portugal</Name>
   </Code>
   <Code>
      <ID>PW</ID>
      <Name>Palau</Name>
   </Code>
   <Code>
      <ID>PY</ID>
      <Name>Paraguay</Name>
   </Code>
   <Code>
      <ID>QA</ID>
      <Name>Qatar</Name>
   </Code>
   <Code>
      <ID>RE</ID>
      <Name>Réunion</Name>
   </Code>
   <Code>
      <ID>RO</ID>
      <Name>Romania</Name>
   </Code>
   <Code>
      <ID>RS</ID>
      <Name>Serbia</Name>
   </Code>
   <Code>
      <ID>RU</ID>
      <Name>Russian Federation</Name>
   </Code>
   <Code>
      <ID>RW</ID>
      <Name>Rwanda</Name>
   </Code>
   <Code>
      <ID>SA</ID>
      <Name>Saudi Arabia</Name>
   </Code>
   <Code>
      <ID>SB</ID>
      <Name>Solomon Islands</Name>
   </Code>
   <Code>
      <ID>SC</ID>
      <Name>Seychelles</Name>
   </Code>
   <Code>
      <ID>SD</ID>
      <Name>Sudan</Name>
   </Code>
   <Code>
      <ID>SE</ID>
      <Name>Sweden</Name>
   </Code>
   <Code>
      <ID>SG</ID>
      <Name>Singapore</Name>
   </Code>
   <Code>
      <ID>SH</ID>
      <Name>Saint Helena, Ascension and Tristan da Cunha</Name>
   </Code>
   <Code>
      <ID>SI</ID>
      <Name>Slovenia</Name>
   </Code>
   <Code>
      <ID>SJ</ID>
      <Name>Svalbard and Jan Mayen</Name>
   </Code>
   <Code>
      <ID>SK</ID>
      <Name>Slovakia</Name>
   </Code>
   <Code>
      <ID>SL</ID>
      <Name>Sierra Leone</Name>
   </Code>
   <Code>
      <ID>SM</ID>
      <Name>San Marino</Name>
   </Code>
   <Code>
      <ID>SN</ID>
      <Name>Senegal</Name>
   </Code>
   <Code>
      <ID>SO</ID>
      <Name>Somalia</Name>
   </Code>
   <Code>
      <ID>SR</ID>
      <Name>Suriname</Name>
   </Code>
   <Code>
      <ID>SS</ID>
      <Name>South Sudan</Name>
   </Code>
   <Code>
      <ID>ST</ID>
      <Name>Sao Tome and Principe</Name>
   </Code>
   <Code>
      <ID>SV</ID>
      <Name>El Salvador</Name>
   </Code>
   <Code>
      <ID>SX</ID>
      <Name>Sint Maarten (Dutch part)</Name>
   </Code>
   <Code>
      <ID>SY</ID>
      <Name>Syrian Arab Republic</Name>
   </Code>
   <Code>
      <ID>SZ</ID>
      <Name>Swaziland</Name>
   </Code>
   <Code>
      <ID>TC</ID>
      <Name>Turks and Caicos Islands</Name>
   </Code>
   <Code>
      <ID>TD</ID>
      <Name>Chad</Name>
   </Code>
   <Code>
      <ID>TF</ID>
      <Name>French Southern Territories</Name>
   </Code>
   <Code>
      <ID>TG</ID>
      <Name>Togo</Name>
   </Code>
   <Code>
      <ID>TH</ID>
      <Name>Thailand</Name>
   </Code>
   <Code>
      <ID>TJ</ID>
      <Name>Tajikistan</Name>
   </Code>
   <Code>
      <ID>TK</ID>
      <Name>Tokelau</Name>
   </Code>
   <Code>
      <ID>TL</ID>
      <Name>Timor-Leste</Name>
   </Code>
   <Code>
      <ID>TM</ID>
      <Name>Turkmenistan</Name>
   </Code>
   <Code>
      <ID>TN</ID>
      <Name>Tunisia</Name>
   </Code>
   <Code>
      <ID>TO</ID>
      <Name>Tonga</Name>
   </Code>
   <Code>
      <ID>TR</ID>
      <Name>Turkey</Name>
   </Code>
   <Code>
      <ID>TT</ID>
      <Name>Trinidad and Tobago</Name>
   </Code>
   <Code>
      <ID>TV</ID>
      <Name>Tuvalu</Name>
   </Code>
   <Code>
      <ID>TW</ID>
      <Name>Taiwan, Province of China</Name>
   </Code>
   <Code>
      <ID>TZ</ID>
      <Name>Tanzania, United Republic of</Name>
   </Code>
   <Code>
      <ID>UA</ID>
      <Name>Ukraine</Name>
   </Code>
   <Code>
      <ID>UG</ID>
      <Name>Uganda</Name>
   </Code>
   <Code>
      <ID>UM</ID>
      <Name>United States Minor Outlying Islands</Name>
   </Code>
   <Code>
      <ID>US</ID>
      <Name>United States of America</Name>
   </Code>
   <Code>
      <ID>UY</ID>
      <Name>Uruguay</Name>
   </Code>
   <Code>
      <ID>UZ</ID>
      <Name>Uzbekistan</Name>
   </Code>
   <Code>
      <ID>VA</ID>
      <Name>Holy See</Name>
   </Code>
   <Code>
      <ID>VC</ID>
      <Name>Saint Vincent and the Grenadines</Name>
   </Code>
   <Code>
      <ID>VE</ID>
      <Name>Venezuela, Bolivarian Republic of</Name>
   </Code>
   <Code>
      <ID>VG</ID>
      <Name>Virgin Islands, British</Name>
   </Code>
   <Code>
      <ID>VI</ID>
      <Name>Virgin Islands, U.S.</Name>
   </Code>
   <Code>
      <ID>VN</ID>
      <Name>Viet Nam</Name>
   </Code>
   <Code>
      <ID>VU</ID>
      <Name>Vanuatu</Name>
   </Code>
   <Code>
      <ID>WF</ID>
      <Name>Wallis and Futuna</Name>
   </Code>
   <Code>
      <ID>WS</ID>
      <Name>Samoa</Name>
   </Code>
   <Code>
      <ID>YE</ID>
      <Name>Yemen</Name>
   </Code>
   <Code>
      <ID>YT</ID>
      <Name>Mayotte</Name>
   </Code>
   <Code>
      <ID>ZA</ID>
      <Name>South Africa</Name>
   </Code>
   <Code>
      <ID>ZM</ID>
      <Name>Zambia</Name>
   </Code>
   <Code>
      <ID>ZW</ID>
      <Name>Zimbabwe</Name>
   </Code>
   <Code>
      <ID>1A</ID>
      <Name>Kosovo</Name>
   </Code>
</CodeList>
