<?xml version="1.0" encoding="UTF-8"?>
<CodeList xmlns="urn:fdc:peppol.org:2020:pdk:v1:CodeList">
   <ID>ISO4217</ID>
   <Name>ISO 4217 Currency codes</Name>
   <Version>2018-01-01</Version>
   <Code>
      <ID>AED</ID>
      <Name>UAE Dirham</Name>
   </Code>
   <Code>
      <ID>AFN</ID>
      <Name>Afghani</Name>
   </Code>
   <Code>
      <ID>ALL</ID>
      <Name>Lek</Name>
   </Code>
   <Code>
      <ID>AMD</ID>
      <Name>Armenian Dram</Name>
   </Code>
   <Code>
      <ID>ANG</ID>
      <Name>Netherlands Antillean Guilder</Name>
   </Code>
   <Code>
      <ID>AOA</ID>
      <Name>Kwanza</Name>
   </Code>
   <Code>
      <ID>ARS</ID>
      <Name>Argentine Peso</Name>
   </Code>
   <Code>
      <ID>AUD</ID>
      <Name>Australian Dollar</Name>
   </Code>
   <Code>
      <ID>AWG</ID>
      <Name>Aruban Florin</Name>
   </Code>
   <Code>
      <ID>AZN</ID>
      <Name>Azerbaijan Manat</Name>
   </Code>
   <Code>
      <ID>BAM</ID>
      <Name>Convertible Mark</Name>
   </Code>
   <Code>
      <ID>BBD</ID>
      <Name>Barbados Dollar</Name>
   </Code>
   <Code>
      <ID>BDT</ID>
      <Name>Taka</Name>
   </Code>
   <Code>
      <ID>BGN</ID>
      <Name>Bulgarian Lev</Name>
   </Code>
   <Code>
      <ID>BHD</ID>
      <Name>Bahraini Dinar</Name>
   </Code>
   <Code>
      <ID>BIF</ID>
      <Name>Burundi Franc</Name>
   </Code>
   <Code>
      <ID>BMD</ID>
      <Name>Bermudian Dollar</Name>
   </Code>
   <Code>
      <ID>BND</ID>
      <Name>Brunei Dollar</Name>
   </Code>
   <Code>
      <ID>BOB</ID>
      <Name>Boliviano</Name>
   </Code>
   <Code>
      <ID>BOV</ID>
      <Name>Mvdol</Name>
   </Code>
   <Code>
      <ID>BRL</ID>
      <Name>Brazilian Real</Name>
   </Code>
   <Code>
      <ID>BSD</ID>
      <Name>Bahamian Dollar</Name>
   </Code>
   <Code>
      <ID>BTN</ID>
      <Name>Ngultrum</Name>
   </Code>
   <Code>
      <ID>BWP</ID>
      <Name>Pula</Name>
   </Code>
   <Code>
      <ID>BYN</ID>
      <Name>Belarusian Ruble</Name>
   </Code>
   <Code>
      <ID>BZD</ID>
      <Name>Belize Dollar</Name>
   </Code>
   <Code>
      <ID>CAD</ID>
      <Name>Canadian Dollar</Name>
   </Code>
   <Code>
      <ID>CDF</ID>
      <Name>Congolese Franc</Name>
   </Code>
   <Code>
      <ID>CHE</ID>
      <Name>WIR Euro</Name>
   </Code>
   <Code>
      <ID>CHF</ID>
      <Name>Swiss Franc</Name>
   </Code>
   <Code>
      <ID>CHW</ID>
      <Name>WIR Franc</Name>
   </Code>
   <Code>
      <ID>CLF</ID>
      <Name>Unidad de Fomento</Name>
   </Code>
   <Code>
      <ID>CLP</ID>
      <Name>Chilean Peso</Name>
   </Code>
   <Code>
      <ID>CNY</ID>
      <Name>Yuan Renminbi</Name>
   </Code>
   <Code>
      <ID>COP</ID>
      <Name>Colombian Peso</Name>
   </Code>
   <Code>
      <ID>COU</ID>
      <Name>Unidad de Valor Real</Name>
   </Code>
   <Code>
      <ID>CRC</ID>
      <Name>Costa Rican Colon</Name>
   </Code>
   <Code>
      <ID>CUC</ID>
      <Name>Peso Convertible</Name>
   </Code>
   <Code>
      <ID>CUP</ID>
      <Name>Cuban Peso</Name>
   </Code>
   <Code>
      <ID>CVE</ID>
      <Name>Cabo Verde Escudo</Name>
   </Code>
   <Code>
      <ID>CZK</ID>
      <Name>Czech Koruna</Name>
   </Code>
   <Code>
      <ID>DJF</ID>
      <Name>Djibouti Franc</Name>
   </Code>
   <Code>
      <ID>DKK</ID>
      <Name>Danish Krone</Name>
   </Code>
   <Code>
      <ID>DOP</ID>
      <Name>Dominican Peso</Name>
   </Code>
   <Code>
      <ID>DZD</ID>
      <Name>Algerian Dinar</Name>
   </Code>
   <Code>
      <ID>EGP</ID>
      <Name>Egyptian Pound</Name>
   </Code>
   <Code>
      <ID>ERN</ID>
      <Name>Nakfa</Name>
   </Code>
   <Code>
      <ID>ETB</ID>
      <Name>Ethiopian Birr</Name>
   </Code>
   <Code>
      <ID>EUR</ID>
      <Name>Euro</Name>
   </Code>
   <Code>
      <ID>FJD</ID>
      <Name>Fiji Dollar</Name>
   </Code>
   <Code>
      <ID>FKP</ID>
      <Name>Falkland Islands Pound</Name>
   </Code>
   <Code>
      <ID>GBP</ID>
      <Name>Pound Sterling</Name>
   </Code>
   <Code>
      <ID>GEL</ID>
      <Name>Lari</Name>
   </Code>
   <Code>
      <ID>GHS</ID>
      <Name>Ghana Cedi</Name>
   </Code>
   <Code>
      <ID>GIP</ID>
      <Name>Gibraltar Pound</Name>
   </Code>
   <Code>
      <ID>GMD</ID>
      <Name>Dalasi</Name>
   </Code>
   <Code>
      <ID>GNF</ID>
      <Name>Guinean Franc</Name>
   </Code>
   <Code>
      <ID>GTQ</ID>
      <Name>Quetzal</Name>
   </Code>
   <Code>
      <ID>GYD</ID>
      <Name>Guyana Dollar</Name>
   </Code>
   <Code>
      <ID>HKD</ID>
      <Name>Hong Kong Dollar</Name>
   </Code>
   <Code>
      <ID>HNL</ID>
      <Name>Lempira</Name>
   </Code>
   <Code>
      <ID>HRK</ID>
      <Name>Kuna</Name>
   </Code>
   <Code>
      <ID>HTG</ID>
      <Name>Gourde</Name>
   </Code>
   <Code>
      <ID>HUF</ID>
      <Name>Forint</Name>
   </Code>
   <Code>
      <ID>IDR</ID>
      <Name>Rupiah</Name>
   </Code>
   <Code>
      <ID>ILS</ID>
      <Name>New Israeli Sheqel</Name>
   </Code>
   <Code>
      <ID>INR</ID>
      <Name>Indian Rupee</Name>
   </Code>
   <Code>
      <ID>IQD</ID>
      <Name>Iraqi Dinar</Name>
   </Code>
   <Code>
      <ID>IRR</ID>
      <Name>Iranian Rial</Name>
   </Code>
   <Code>
      <ID>ISK</ID>
      <Name>Iceland Krona</Name>
   </Code>
   <Code>
      <ID>JMD</ID>
      <Name>Jamaican Dollar</Name>
   </Code>
   <Code>
      <ID>JOD</ID>
      <Name>Jordanian Dinar</Name>
   </Code>
   <Code>
      <ID>JPY</ID>
      <Name>Yen</Name>
   </Code>
   <Code>
      <ID>KES</ID>
      <Name>Kenyan Shilling</Name>
   </Code>
   <Code>
      <ID>KGS</ID>
      <Name>Som</Name>
   </Code>
   <Code>
      <ID>KHR</ID>
      <Name>Riel</Name>
   </Code>
   <Code>
      <ID>KMF</ID>
      <Name>Comorian Franc</Name>
   </Code>
   <Code>
      <ID>KPW</ID>
      <Name>North Korean Won</Name>
   </Code>
   <Code>
      <ID>KRW</ID>
      <Name>Won</Name>
   </Code>
   <Code>
      <ID>KWD</ID>
      <Name>Kuwaiti Dinar</Name>
   </Code>
   <Code>
      <ID>KYD</ID>
      <Name>Cayman Islands Dollar</Name>
   </Code>
   <Code>
      <ID>KZT</ID>
      <Name>Tenge</Name>
   </Code>
   <Code>
      <ID>LAK</ID>
      <Name>Lao Kip</Name>
   </Code>
   <Code>
      <ID>LBP</ID>
      <Name>Lebanese Pound</Name>
   </Code>
   <Code>
      <ID>LKR</ID>
      <Name>Sri Lanka Rupee</Name>
   </Code>
   <Code>
      <ID>LRD</ID>
      <Name>Liberian Dollar</Name>
   </Code>
   <Code>
      <ID>LSL</ID>
      <Name>Loti</Name>
   </Code>
   <Code>
      <ID>LYD</ID>
      <Name>Libyan Dinar</Name>
   </Code>
   <Code>
      <ID>MAD</ID>
      <Name>Moroccan Dirham</Name>
   </Code>
   <Code>
      <ID>MDL</ID>
      <Name>Moldovan Leu</Name>
   </Code>
   <Code>
      <ID>MGA</ID>
      <Name>Malagasy Ariary</Name>
   </Code>
   <Code>
      <ID>MKD</ID>
      <Name>Denar</Name>
   </Code>
   <Code>
      <ID>MMK</ID>
      <Name>Kyat</Name>
   </Code>
   <Code>
      <ID>MNT</ID>
      <Name>Tugrik</Name>
   </Code>
   <Code>
      <ID>MOP</ID>
      <Name>Pataca</Name>
   </Code>
   <Code>
      <ID>MRU</ID>
      <Name>Ouguiya</Name>
   </Code>
   <Code>
      <ID>MUR</ID>
      <Name>Mauritius Rupee</Name>
   </Code>
   <Code>
      <ID>MVR</ID>
      <Name>Rufiyaa</Name>
   </Code>
   <Code>
      <ID>MWK</ID>
      <Name>Malawi Kwacha</Name>
   </Code>
   <Code>
      <ID>MXN</ID>
      <Name>Mexican Peso</Name>
   </Code>
   <Code>
      <ID>MXV</ID>
      <Name>Mexican Unidad de Inversion (UDI)</Name>
   </Code>
   <Code>
      <ID>MYR</ID>
      <Name>Malaysian Ringgit</Name>
   </Code>
   <Code>
      <ID>MZN</ID>
      <Name>Mozambique Metical</Name>
   </Code>
   <Code>
      <ID>NAD</ID>
      <Name>Namibia Dollar</Name>
   </Code>
   <Code>
      <ID>NGN</ID>
      <Name>Naira</Name>
   </Code>
   <Code>
      <ID>NIO</ID>
      <Name>Cordoba Oro</Name>
   </Code>
   <Code>
      <ID>NOK</ID>
      <Name>Norwegian Krone</Name>
   </Code>
   <Code>
      <ID>NPR</ID>
      <Name>Nepalese Rupee</Name>
   </Code>
   <Code>
      <ID>NZD</ID>
      <Name>New Zealand Dollar</Name>
   </Code>
   <Code>
      <ID>OMR</ID>
      <Name>Rial Omani</Name>
   </Code>
   <Code>
      <ID>PAB</ID>
      <Name>Balboa</Name>
   </Code>
   <Code>
      <ID>PEN</ID>
      <Name>Sol</Name>
   </Code>
   <Code>
      <ID>PGK</ID>
      <Name>Kina</Name>
   </Code>
   <Code>
      <ID>PHP</ID>
      <Name>Philippine Piso</Name>
   </Code>
   <Code>
      <ID>PKR</ID>
      <Name>Pakistan Rupee</Name>
   </Code>
   <Code>
      <ID>PLN</ID>
      <Name>Zloty</Name>
   </Code>
   <Code>
      <ID>PYG</ID>
      <Name>Guarani</Name>
   </Code>
   <Code>
      <ID>QAR</ID>
      <Name>Qatari Rial</Name>
   </Code>
   <Code>
      <ID>RON</ID>
      <Name>Romanian Leu</Name>
   </Code>
   <Code>
      <ID>RSD</ID>
      <Name>Serbian Dinar</Name>
   </Code>
   <Code>
      <ID>RUB</ID>
      <Name>Russian Ruble</Name>
   </Code>
   <Code>
      <ID>RWF</ID>
      <Name>Rwanda Franc</Name>
   </Code>
   <Code>
      <ID>SAR</ID>
      <Name>Saudi Riyal</Name>
   </Code>
   <Code>
      <ID>SBD</ID>
      <Name>Solomon Islands Dollar</Name>
   </Code>
   <Code>
      <ID>SCR</ID>
      <Name>Seychelles Rupee</Name>
   </Code>
   <Code>
      <ID>SDG</ID>
      <Name>Sudanese Pound</Name>
   </Code>
   <Code>
      <ID>SEK</ID>
      <Name>Swedish Krona</Name>
   </Code>
   <Code>
      <ID>SGD</ID>
      <Name>Singapore Dollar</Name>
   </Code>
   <Code>
      <ID>SHP</ID>
      <Name>Saint Helena Pound</Name>
   </Code>
   <Code>
      <ID>SLL</ID>
      <Name>Leone</Name>
   </Code>
   <Code>
      <ID>SOS</ID>
      <Name>Somali Shilling</Name>
   </Code>
   <Code>
      <ID>SRD</ID>
      <Name>Surinam Dollar</Name>
   </Code>
   <Code>
      <ID>SSP</ID>
      <Name>South Sudanese Pound</Name>
   </Code>
   <Code>
      <ID>STN</ID>
      <Name>Dobra</Name>
   </Code>
   <Code>
      <ID>SVC</ID>
      <Name>El Salvador Colon</Name>
   </Code>
   <Code>
      <ID>SYP</ID>
      <Name>Syrian Pound</Name>
   </Code>
   <Code>
      <ID>SZL</ID>
      <Name>Lilangeni</Name>
   </Code>
   <Code>
      <ID>THB</ID>
      <Name>Baht</Name>
   </Code>
   <Code>
      <ID>TJS</ID>
      <Name>Somoni</Name>
   </Code>
   <Code>
      <ID>TMT</ID>
      <Name>Turkmenistan New Manat</Name>
   </Code>
   <Code>
      <ID>TND</ID>
      <Name>Tunisian Dinar</Name>
   </Code>
   <Code>
      <ID>TOP</ID>
      <Name>Pa’anga</Name>
   </Code>
   <Code>
      <ID>TRY</ID>
      <Name>Turkish Lira</Name>
   </Code>
   <Code>
      <ID>TTD</ID>
      <Name>Trinidad and Tobago Dollar</Name>
   </Code>
   <Code>
      <ID>TWD</ID>
      <Name>New Taiwan Dollar</Name>
   </Code>
   <Code>
      <ID>TZS</ID>
      <Name>Tanzanian Shilling</Name>
   </Code>
   <Code>
      <ID>UAH</ID>
      <Name>Hryvnia</Name>
   </Code>
   <Code>
      <ID>UGX</ID>
      <Name>Uganda Shilling</Name>
   </Code>
   <Code>
      <ID>USD</ID>
      <Name>US Dollar</Name>
   </Code>
   <Code>
      <ID>USN</ID>
      <Name>US Dollar (Next day)</Name>
   </Code>
   <Code>
      <ID>UYI</ID>
      <Name>Uruguay Peso en Unidades Indexadas (URUIURUI)</Name>
   </Code>
   <Code>
      <ID>UYU</ID>
      <Name>Peso Uruguayo</Name>
   </Code>
   <Code>
      <ID>UZS</ID>
      <Name>Uzbekistan Sum</Name>
   </Code>
   <Code>
      <ID>VEF</ID>
      <Name>Bolívar</Name>
   </Code>
   <Code>
      <ID>VND</ID>
      <Name>Dong</Name>
   </Code>
   <Code>
      <ID>VUV</ID>
      <Name>Vatu</Name>
   </Code>
   <Code>
      <ID>WST</ID>
      <Name>Tala</Name>
   </Code>
   <Code>
      <ID>XAF</ID>
      <Name>CFA Franc BEAC</Name>
   </Code>
   <Code>
      <ID>XAG</ID>
      <Name>Silver</Name>
   </Code>
   <Code>
      <ID>XAU</ID>
      <Name>Gold</Name>
   </Code>
   <Code>
      <ID>XBA</ID>
      <Name>Bond Markets Unit European Composite Unit (EURCO)</Name>
   </Code>
   <Code>
      <ID>XBB</ID>
      <Name>Bond Markets Unit European Monetary Unit (E.M.U.-6)</Name>
   </Code>
   <Code>
      <ID>XBC</ID>
      <Name>Bond Markets Unit European Unit of Account 9 (E.U.A.-9)</Name>
   </Code>
   <Code>
      <ID>XBD</ID>
      <Name>Bond Markets Unit European Unit of Account 17 (E.U.A.-17)</Name>
   </Code>
   <Code>
      <ID>XCD</ID>
      <Name>East Caribbean Dollar</Name>
   </Code>
   <Code>
      <ID>XDR</ID>
      <Name>SDR (Special Drawing Right)</Name>
   </Code>
   <Code>
      <ID>XOF</ID>
      <Name>CFA Franc BCEAO</Name>
   </Code>
   <Code>
      <ID>XPD</ID>
      <Name>Palladium</Name>
   </Code>
   <Code>
      <ID>XPF</ID>
      <Name>CFP Franc</Name>
   </Code>
   <Code>
      <ID>XPT</ID>
      <Name>Platinum</Name>
   </Code>
   <Code>
      <ID>XSU</ID>
      <Name>Sucre</Name>
   </Code>
   <Code>
      <ID>XTS</ID>
      <Name>Codes specifically reserved for testing purposes</Name>
   </Code>
   <Code>
      <ID>XUA</ID>
      <Name>ADB Unit of Account</Name>
   </Code>
   <Code>
      <ID>YER</ID>
      <Name>Yemeni Rial</Name>
   </Code>
   <Code>
      <ID>ZAR</ID>
      <Name>Rand</Name>
   </Code>
   <Code>
      <ID>ZMW</ID>
      <Name>Zambian Kwacha</Name>
   </Code>
   <Code>
      <ID>ZWL</ID>
      <Name>Zimbabwe Dollar</Name>
   </Code>
</CodeList>
